Código CNAE (2.3);Descrição;Grupo de Atividades;Situação de abertura;Horário de Funcionamento;Protocolos Sanitários;Observações
;Atividades no formato drive-in;Drive-in;Atividades Autorizadas;Diariamente, entre 14h e 23h59min.;;
;Galerias de lojas e centros de comércio;Galerias de lojas e centros de comércio;Atividades Autorizadas;"Segunda a sexta-feira, entre 10h e 19h; Sábado, entre 9h e 18h";;
;Shopping Center;Shopping Center;Atividades Autorizadas;Segunda-feira a sábado, entre 12h e 21h;;Funcionamento no domingo somente para retirada de produtos no estacionamento, em formato drive-thru, sem restrição de horário. Alternativamente poderá ser adotado o funcionamento em horário de galerias de lojas e centros de comércio mediante comunicação no e-mail sufis@pbh.gov.br
;Eventos gastronômicos em logradouros públicos ou em locais privados;Eventos gastronômicos;Atividades Autorizadas;Horário licenciado;;Mediante licenciamento específico. Autorizadas a partir de 31 de outubro de 2020 (Art. 3º do DECRETO Nº 17.458, DE 27 DE OUTUBRO DE 2020)
;Feiras permanentes promovidas pelo Poder Executivo Municipal;Feiras permanentes;Atividades Autorizadas;De acordo com a regulamentação específica de cada feira;;Autorizadas apenas as feiras citadas no Art. 1º da PORTARIA CONJUNTA GP/SMPU/SMSA Nº 1, DE 23 DE SETEMBRO DE 2020.
451110100;Comércio a varejo de automóveis, camionetas e utilitários novos;Veículos automotores;Atividades Autorizadas;"Comércio de rua, galerias de lojas e centros comerciais: Segunda a sexta-feira, entre 10h e 19h, Sábado, entre 9h e 18h; Shopping centers: Segunda-feira a sábado, entre 12h e 21h";;
451110200;Comércio varejista de automóveis, camionetas e utilitários usados;Veículos automotores;Atividades Autorizadas;"Comércio de rua, galerias de lojas e centros comerciais: Segunda a sexta-feira, entre 10h e 19h, Sábado, entre 9h e 18h; Shopping centers: Segunda-feira a sábado, entre 12h e 21h";;
451110300;Comércio por atacado de automóveis, camionetas e utilitários novos e usados;Comércio atacadista da cadeia de comércio varejista da fase 1 (exceto comércio atacadista de recicláveis);Atividades Autorizadas;"Comércio de rua, galerias de lojas e centros comerciais: Segunda a sexta-feira, entre 10h e 19h, Sábado, entre 9h e 18h; Shopping centers: Segunda-feira a sábado, entre 12h e 21h";;
451110400;Comércio por atacado de caminhões novos e usados;Comércio atacadista da cadeia de comércio varejista da fase 1 (exceto comércio atacadista de recicláveis);Atividades Autorizadas;"Comércio de rua, galerias de lojas e centros comerciais: Segunda a sexta-feira, entre 10h e 19h, Sábado, entre 9h e 18h; Shopping centers: Segunda-feira a sábado, entre 12h e 21h";;
451110500;Comércio por atacado de reboques e semirreboques novos e usados;Comércio atacadista da cadeia de comércio varejista da fase 1 (exceto comércio atacadista de recicláveis);Atividades Autorizadas;"Comércio de rua, galerias de lojas e centros comerciais: Segunda a sexta-feira, entre 10h e 19h, Sábado, entre 9h e 18h; Shopping centers: Segunda-feira a sábado, entre 12h e 21h";;
451110600;Comércio por atacado de ônibus e micro-ônibus novos e usados;Comércio atacadista da cadeia de comércio varejista da fase 1 (exceto comércio atacadista de recicláveis);Atividades Autorizadas;"Comércio de rua, galerias de lojas e centros comerciais: Segunda a sexta-feira, entre 10h e 19h, Sábado, entre 9h e 18h; Shopping centers: Segunda-feira a sábado, entre 12h e 21h";;
451290200;Comércio sob consignação de veículos automotores;Veículos automotores;Atividades Autorizadas;"Comércio de rua, galerias de lojas e centros comerciais: Segunda a sexta-feira, entre 10h e 19h, Sábado, entre 9h e 18h; Shopping centers: Segunda-feira a sábado, entre 12h e 21h";;
453070100;Comércio por atacado de peças e acessórios novos para veículos automotores;Comércio atacadista da cadeia de comércio varejista da fase 1 (exceto comércio atacadista de recicláveis);Atividades Autorizadas;"Comércio de rua, galerias de lojas e centros comerciais: Segunda a sexta-feira, entre 10h e 19h, Sábado, entre 9h e 18h; Shopping centers: Segunda-feira a sábado, entre 12h e 21h";;
453070200;Comércio por atacado de pneumáticos e câmaras-de-ar;Comércio atacadista da cadeia de comércio varejista da fase 1 (exceto comércio atacadista de recicláveis);Atividades Autorizadas;"Comércio de rua, galerias de lojas e centros comerciais: Segunda a sexta-feira, entre 10h e 19h, Sábado, entre 9h e 18h; Shopping centers: Segunda-feira a sábado, entre 12h e 21h";;
453070500;Comércio a varejo de pneumáticos e câmaras-de-ar;Pneumáticos e câmaras-de-ar;Atividades Autorizadas;"Comércio de rua, galerias de lojas e centros comerciais: Segunda a sexta-feira, entre 10h e 19h, Sábado, entre 9h e 18h; Shopping centers: Segunda-feira a sábado, entre 12h e 21h";;
454120100;Comércio por atacado de motocicletas e motonetas;Comércio atacadista da cadeia de comércio varejista da fase 1 (exceto comércio atacadista de recicláveis);Atividades Autorizadas;"Comércio de rua, galerias de lojas e centros comerciais: Segunda a sexta-feira, entre 10h e 19h, Sábado, entre 9h e 18h; Shopping centers: Segunda-feira a sábado, entre 12h e 21h";;
454120200;Comércio por atacado de peças e acessórios para motocicletas e motonetas;Comércio atacadista da cadeia de comércio varejista da fase 1 (exceto comércio atacadista de recicláveis);Atividades Autorizadas;"Comércio de rua, galerias de lojas e centros comerciais: Segunda a sexta-feira, entre 10h e 19h, Sábado, entre 9h e 18h; Shopping centers: Segunda-feira a sábado, entre 12h e 21h";;
454120300;Comércio a varejo de motocicletas e motonetas novas;Veículos automotores;Atividades Autorizadas;"Comércio de rua, galerias de lojas e centros comerciais: Segunda a sexta-feira, entre 10h e 19h, Sábado, entre 9h e 18h; Shopping centers: Segunda-feira a sábado, entre 12h e 21h";;
454120400;Comércio a varejo de motocicletas e motonetas usadas;Veículos automotores;Atividades Autorizadas;"Comércio de rua, galerias de lojas e centros comerciais: Segunda a sexta-feira, entre 10h e 19h, Sábado, entre 9h e 18h; Shopping centers: Segunda-feira a sábado, entre 12h e 21h";;
454210200;Comércio sob consignação de motocicletas e motonetas;Veículos automotores;Atividades Autorizadas;"Comércio de rua, galerias de lojas e centros comerciais: Segunda a sexta-feira, entre 10h e 19h, Sábado, entre 9h e 18h; Shopping centers: Segunda-feira a sábado, entre 12h e 21h";;
462310400;Comércio atacadista de fumo em folha não beneficiado;Comércio atacadista da cadeia de comércio varejista da fase 1 (exceto comércio atacadista de recicláveis);Atividades Autorizadas;"Comércio de rua, galerias de lojas e centros comerciais: Segunda a sexta-feira, entre 10h e 19h, Sábado, entre 9h e 18h; Shopping centers: Segunda-feira a sábado, entre 12h e 21h";;
462310600;Comércio atacadista de sementes, flores, plantas e gramas;Comércio atacadista da cadeia de comércio varejista da fase 1 (exceto comércio atacadista de recicláveis);Atividades Autorizadas;"Comércio de rua, galerias de lojas e centros comerciais: Segunda a sexta-feira, entre 10h e 19h, Sábado, entre 9h e 18h; Shopping centers: Segunda-feira a sábado, entre 12h e 21h";;
463620100;Comércio atacadista de fumo beneficiado;Comércio atacadista da cadeia de comércio varejista da fase 1 (exceto comércio atacadista de recicláveis);Atividades Autorizadas;"Comércio de rua, galerias de lojas e centros comerciais: Segunda a sexta-feira, entre 10h e 19h, Sábado, entre 9h e 18h; Shopping centers: Segunda-feira a sábado, entre 12h e 21h";;
463620200;Comércio atacadista de cigarros, cigarrilhas e charutos;Comércio atacadista da cadeia de comércio varejista da fase 1 (exceto comércio atacadista de recicláveis);Atividades Autorizadas;"Comércio de rua, galerias de lojas e centros comerciais: Segunda a sexta-feira, entre 10h e 19h, Sábado, entre 9h e 18h; Shopping centers: Segunda-feira a sábado, entre 12h e 21h";;
464190100;Comércio atacadista de tecidos;Comércio atacadista da cadeia de comércio varejista da fase 1 (exceto comércio atacadista de recicláveis);Atividades Autorizadas;"Comércio de rua, galerias de lojas e centros comerciais: Segunda a sexta-feira, entre 10h e 19h, Sábado, entre 9h e 18h; Shopping centers: Segunda-feira a sábado, entre 12h e 21h";;
464190200;Comércio atacadista de artigos de cama, mesa e banho;Comércio atacadista da cadeia de comércio varejista da fase 1 (exceto comércio atacadista de recicláveis);Atividades Autorizadas;"Comércio de rua, galerias de lojas e centros comerciais: Segunda a sexta-feira, entre 10h e 19h, Sábado, entre 9h e 18h; Shopping centers: Segunda-feira a sábado, entre 12h e 21h";;
464190300;Comércio atacadista de artigos de armarinho;Comércio atacadista da cadeia de comércio varejista da fase 1 (exceto comércio atacadista de recicláveis);Atividades Autorizadas;"Comércio de rua, galerias de lojas e centros comerciais: Segunda a sexta-feira, entre 10h e 19h, Sábado, entre 9h e 18h; Shopping centers: Segunda-feira a sábado, entre 12h e 21h";;
464270100;Comércio atacadista de artigos do vestuário e acessórios, exceto profissionais e de segurança;Comércio atacadista da cadeia de comércio varejista da fase 1 (exceto comércio atacadista de recicláveis);Atividades Autorizadas;"Comércio de rua, galerias de lojas e centros comerciais: Segunda a sexta-feira, entre 10h e 19h, Sábado, entre 9h e 18h; Shopping centers: Segunda-feira a sábado, entre 12h e 21h";;
464350100;Comércio atacadista de calçados;Comércio atacadista da cadeia de comércio varejista da fase 1 (exceto comércio atacadista de recicláveis);Atividades Autorizadas;"Comércio de rua, galerias de lojas e centros comerciais: Segunda a sexta-feira, entre 10h e 19h, Sábado, entre 9h e 18h; Shopping centers: Segunda-feira a sábado, entre 12h e 21h";;
464350200;Comércio atacadista de bolsas, malas e artigos de viagem;Comércio atacadista da cadeia de comércio varejista da fase 1 (exceto comércio atacadista de recicláveis);Atividades Autorizadas;"Comércio de rua, galerias de lojas e centros comerciais: Segunda a sexta-feira, entre 10h e 19h, Sábado, entre 9h e 18h; Shopping centers: Segunda-feira a sábado, entre 12h e 21h";;
464600100;Comércio atacadista de cosméticos e produtos de perfumaria;Comércio atacadista da cadeia de comércio varejista da fase 1 (exceto comércio atacadista de recicláveis);Atividades Autorizadas;"Comércio de rua, galerias de lojas e centros comerciais: Segunda a sexta-feira, entre 10h e 19h, Sábado, entre 9h e 18h; Shopping centers: Segunda-feira a sábado, entre 12h e 21h";;
464600200;Comércio atacadista de produtos de higiene pessoal;Comércio atacadista da cadeia de comércio varejista da fase 1 (exceto comércio atacadista de recicláveis);Atividades Autorizadas;"Comércio de rua, galerias de lojas e centros comerciais: Segunda a sexta-feira, entre 10h e 19h, Sábado, entre 9h e 18h; Shopping centers: Segunda-feira a sábado, entre 12h e 21h";;
464780100;Comércio atacadista de artigos de escritório e de papelaria;Comércio atacadista da cadeia de comércio varejista da fase 1 (exceto comércio atacadista de recicláveis);Atividades Autorizadas;"Comércio de rua, galerias de lojas e centros comerciais: Segunda a sexta-feira, entre 10h e 19h, Sábado, entre 9h e 18h; Shopping centers: Segunda-feira a sábado, entre 12h e 21h";;
464780200;Comércio atacadista de livros, jornais e outras publicações;Comércio atacadista da cadeia de comércio varejista da fase 1 (exceto comércio atacadista de recicláveis);Atividades Autorizadas;"Comércio de rua, galerias de lojas e centros comerciais: Segunda a sexta-feira, entre 10h e 19h, Sábado, entre 9h e 18h; Shopping centers: Segunda-feira a sábado, entre 12h e 21h";;
464940100;Comércio atacadista de equipamentos elétricos de uso pessoal e doméstico;Comércio atacadista da cadeia de comércio varejista da fase 1 (exceto comércio atacadista de recicláveis);Atividades Autorizadas;"Comércio de rua, galerias de lojas e centros comerciais: Segunda a sexta-feira, entre 10h e 19h, Sábado, entre 9h e 18h; Shopping centers: Segunda-feira a sábado, entre 12h e 21h";;
464940200;Comércio atacadista de aparelhos eletrônicos de uso pessoal e doméstico;Comércio atacadista da cadeia de comércio varejista da fase 1 (exceto comércio atacadista de recicláveis);Atividades Autorizadas;"Comércio de rua, galerias de lojas e centros comerciais: Segunda a sexta-feira, entre 10h e 19h, Sábado, entre 9h e 18h; Shopping centers: Segunda-feira a sábado, entre 12h e 21h";;
464940300;Comércio atacadista de bicicletas, triciclos e outros veículos recreativos;Comércio atacadista da cadeia de comércio varejista da fase 1 (exceto comércio atacadista de recicláveis);Atividades Autorizadas;"Comércio de rua, galerias de lojas e centros comerciais: Segunda a sexta-feira, entre 10h e 19h, Sábado, entre 9h e 18h; Shopping centers: Segunda-feira a sábado, entre 12h e 21h";;
464940400;Comércio atacadista de móveis e artigos de colchoaria;Comércio atacadista da cadeia de comércio varejista da fase 1 (exceto comércio atacadista de recicláveis);Atividades Autorizadas;"Comércio de rua, galerias de lojas e centros comerciais: Segunda a sexta-feira, entre 10h e 19h, Sábado, entre 9h e 18h; Shopping centers: Segunda-feira a sábado, entre 12h e 21h";;
464940500;"Comércio atacadista de artigos de tapeçaria; persianas e cortinas";Comércio atacadista da cadeia de comércio varejista da fase 1 (exceto comércio atacadista de recicláveis);Atividades Autorizadas;"Comércio de rua, galerias de lojas e centros comerciais: Segunda a sexta-feira, entre 10h e 19h, Sábado, entre 9h e 18h; Shopping centers: Segunda-feira a sábado, entre 12h e 21h";;
464940600;Comércio atacadista de lustres, luminárias e abajures;Comércio atacadista da cadeia de comércio varejista da fase 1 (exceto comércio atacadista de recicláveis);Atividades Autorizadas;"Comércio de rua, galerias de lojas e centros comerciais: Segunda a sexta-feira, entre 10h e 19h, Sábado, entre 9h e 18h; Shopping centers: Segunda-feira a sábado, entre 12h e 21h";;
464940700;Comércio atacadista de filmes, CDs, DVDs, fitas e discos;Comércio atacadista da cadeia de comércio varejista da fase 1 (exceto comércio atacadista de recicláveis);Atividades Autorizadas;"Comércio de rua, galerias de lojas e centros comerciais: Segunda a sexta-feira, entre 10h e 19h, Sábado, entre 9h e 18h; Shopping centers: Segunda-feira a sábado, entre 12h e 21h";;
464941000;Comércio atacadista de joias, relógios e bijuterias, inclusive pedras preciosas e semipreciosas lapidadas;Comércio atacadista da cadeia de comércio varejista da fase 1 (exceto comércio atacadista de recicláveis);Atividades Autorizadas;"Comércio de rua, galerias de lojas e centros comerciais: Segunda a sexta-feira, entre 10h e 19h, Sábado, entre 9h e 18h; Shopping centers: Segunda-feira a sábado, entre 12h e 21h";;
464949901;Comércio atacadista de armas e munições;Comércio atacadista da cadeia de comércio varejista da fase 1 (exceto comércio atacadista de recicláveis);Atividades Autorizadas;"Comércio de rua, galerias de lojas e centros comerciais: Segunda a sexta-feira, entre 10h e 19h, Sábado, entre 9h e 18h; Shopping centers: Segunda-feira a sábado, entre 12h e 21h";;
464949902;Comércio atacadista de outros equipamentos e artigos de uso pessoal e doméstico não especificados anteriormente,exceto armas e munições;Comércio atacadista da cadeia de comércio varejista da fase 1 (exceto comércio atacadista de recicláveis);Atividades Autorizadas;"Comércio de rua, galerias de lojas e centros comerciais: Segunda a sexta-feira, entre 10h e 19h, Sábado, entre 9h e 18h; Shopping centers: Segunda-feira a sábado, entre 12h e 21h";;
465160100;Comércio atacadista de equipamentos de informática;Comércio atacadista da cadeia de comércio varejista da fase 1 (exceto comércio atacadista de recicláveis);Atividades Autorizadas;"Comércio de rua, galerias de lojas e centros comerciais: Segunda a sexta-feira, entre 10h e 19h, Sábado, entre 9h e 18h; Shopping centers: Segunda-feira a sábado, entre 12h e 21h";;
465160200;Comércio atacadista de suprimentos para informática;Comércio atacadista da cadeia de comércio varejista da fase 1 (exceto comércio atacadista de recicláveis);Atividades Autorizadas;"Comércio de rua, galerias de lojas e centros comerciais: Segunda a sexta-feira, entre 10h e 19h, Sábado, entre 9h e 18h; Shopping centers: Segunda-feira a sábado, entre 12h e 21h";;
465240000;Comércio atacadista de componentes eletrônicos e equipamentos de telefonia e comunicação;Comércio atacadista da cadeia de comércio varejista da fase 1 (exceto comércio atacadista de recicláveis);Atividades Autorizadas;"Comércio de rua, galerias de lojas e centros comerciais: Segunda a sexta-feira, entre 10h e 19h, Sábado, entre 9h e 18h; Shopping centers: Segunda-feira a sábado, entre 12h e 21h";;
468930200;Comércio atacadista de fios e fibras beneficiados;Comércio atacadista da cadeia de comércio varejista da fase 1 (exceto comércio atacadista de recicláveis);Atividades Autorizadas;"Comércio de rua, galerias de lojas e centros comerciais: Segunda a sexta-feira, entre 10h e 19h, Sábado, entre 9h e 18h; Shopping centers: Segunda-feira a sábado, entre 12h e 21h";;
471300100;Lojas de departamentos ou magazines;Departamentos ou magazines;Atividades Autorizadas;"Comércio de rua, galerias de lojas e centros comerciais: Segunda a sexta-feira, entre 10h e 19h, Sábado, entre 9h e 18h; Shopping centers: Segunda-feira a sábado, entre 12h e 21h";;
471300200;Lojas de variedades, exceto lojas de departamentos ou magazines;Lojas de variedades, exceto lojas de departamentos ou magazines;Atividades Autorizadas;"Comércio de rua, galerias de lojas e centros comerciais: Segunda a sexta-feira, entre 10h e 19h, Sábado, entre 9h e 18h; Shopping centers: Segunda-feira a sábado, entre 12h e 21h";;
472110400;Comércio varejista de doces, balas, bombons e semelhantes;Artigos de bomboniere e semelhantes;Atividades Autorizadas;"Comércio de rua, galerias de lojas e centros comerciais: Segunda a sexta-feira, entre 10h e 19h, Sábado, entre 9h e 18h; Shopping centers: Segunda-feira a sábado, entre 12h e 21h";;
472370001;Comércio varejista de água mineral;Bebidas, exceto para consumo no local;Atividades Autorizadas;"Comércio de rua, galerias de lojas e centros comerciais: Segunda a sexta-feira, entre 10h e 19h, Sábado, entre 9h e 18h; Shopping centers: Segunda-feira a sábado, entre 12h e 21h";;Não é permitido o consumo no interior do estabelecimento.
472370002;Comércio varejista de bebidas, exceto água mineral;Bebidas, exceto para consumo no local;Atividades Autorizadas;"Comércio de rua, galerias de lojas e centros comerciais: Segunda a sexta-feira, entre 10h e 19h, Sábado, entre 9h e 18h; Shopping centers: Segunda-feira a sábado, entre 12h e 21h";;Não é permitido o consumo no interior do estabelecimento.
472960100;Tabacaria;Tabacaria, exceto consumo no local;Atividades Autorizadas;"Comércio de rua, galerias de lojas e centros comerciais: Segunda a sexta-feira, entre 10h e 19h, Sábado, entre 9h e 18h; Shopping centers: Segunda-feira a sábado, entre 12h e 21h";;Não é permitido o consumo no interior do estabelecimento.
473260000;Comércio varejista de lubrificantes;Lubrificantes;Atividades Autorizadas;"Comércio de rua, galerias de lojas e centros comerciais: Segunda a sexta-feira, entre 10h e 19h, Sábado, entre 9h e 18h; Shopping centers: Segunda-feira a sábado, entre 12h e 21h";;
475120100;Comércio varejista especializado de equipamentos e suprimentos de informática;Equipamentos para escritório e suprimento para informática e comunicação;Atividades Autorizadas;"Comércio de rua, galerias de lojas e centros comerciais: Segunda a sexta-feira, entre 10h e 19h, Sábado, entre 9h e 18h; Shopping centers: Segunda-feira a sábado, entre 12h e 21h";;
475210000;Comércio varejista especializado de equipamentos de telefonia e comunicação;Equipamentos para escritório e suprimento para informática e comunicação;Atividades Autorizadas;"Comércio de rua, galerias de lojas e centros comerciais: Segunda a sexta-feira, entre 10h e 19h, Sábado, entre 9h e 18h; Shopping centers: Segunda-feira a sábado, entre 12h e 21h";;
475390000;Comércio varejista especializado de eletrodomésticos e equipamentos de áudio e vídeo;Eletrodomésticos e equipamentos de áudio e vídeo;Atividades Autorizadas;"Comércio de rua, galerias de lojas e centros comerciais: Segunda a sexta-feira, entre 10h e 19h, Sábado, entre 9h e 18h; Shopping centers: Segunda-feira a sábado, entre 12h e 21h";;
475470100;Comércio varejista de móveis;Utensílios, móveis e equipamentos domésticos (exceto eletrodomésticos e equipamentos de áudio e vídeo);Atividades Autorizadas;"Comércio de rua, galerias de lojas e centros comerciais: Segunda a sexta-feira, entre 10h e 19h, Sábado, entre 9h e 18h; Shopping centers: Segunda-feira a sábado, entre 12h e 21h";;
475470200;Comércio varejista de artigos de colchoaria;Utensílios, móveis e equipamentos domésticos (exceto eletrodomésticos e equipamentos de áudio e vídeo);Atividades Autorizadas;"Comércio de rua, galerias de lojas e centros comerciais: Segunda a sexta-feira, entre 10h e 19h, Sábado, entre 9h e 18h; Shopping centers: Segunda-feira a sábado, entre 12h e 21h";;
475470300;Comércio varejista de artigos de iluminação;Artigos de iluminação;Atividades Autorizadas;"Comércio de rua, galerias de lojas e centros comerciais: Segunda a sexta-feira, entre 10h e 19h, Sábado, entre 9h e 18h; Shopping centers: Segunda-feira a sábado, entre 12h e 21h";;
475550100;Comércio varejista de tecidos;Tecidos e armarinho;Atividades Autorizadas;"Comércio de rua, galerias de lojas e centros comerciais: Segunda a sexta-feira, entre 10h e 19h, Sábado, entre 9h e 18h; Shopping centers: Segunda-feira a sábado, entre 12h e 21h";;
475550200;Comércio varejista de artigos de armarinho;Tecidos e armarinho;Atividades Autorizadas;"Comércio de rua, galerias de lojas e centros comerciais: Segunda a sexta-feira, entre 10h e 19h, Sábado, entre 9h e 18h; Shopping centers: Segunda-feira a sábado, entre 12h e 21h";;
475550300;Comércio varejista de artigos de cama, mesa e banho;Artigos de cama, mesa e banho;Atividades Autorizadas;"Comércio de rua, galerias de lojas e centros comerciais: Segunda a sexta-feira, entre 10h e 19h, Sábado, entre 9h e 18h; Shopping centers: Segunda-feira a sábado, entre 12h e 21h";;
475630000;Comércio varejista especializado de instrumentos musicais e acessórios;Instrumentos musicais e acessórios;Atividades Autorizadas;"Comércio de rua, galerias de lojas e centros comerciais: Segunda a sexta-feira, entre 10h e 19h, Sábado, entre 9h e 18h; Shopping centers: Segunda-feira a sábado, entre 12h e 21h";;
475710000;Comércio varejista especializado de peças e acessórios para aparelhos eletroeletrônicos para uso doméstico, exceto informática e comunicação;Eletrodomésticos e equipamentos de áudio e vídeo;Atividades Autorizadas;"Comércio de rua, galerias de lojas e centros comerciais: Segunda a sexta-feira, entre 10h e 19h, Sábado, entre 9h e 18h; Shopping centers: Segunda-feira a sábado, entre 12h e 21h";;
475980100;Comércio varejista de artigos de tapeçaria, cortinas e persianas;Artigos de tapeçaria, cortinas e persianas;Atividades Autorizadas;"Comércio de rua, galerias de lojas e centros comerciais: Segunda a sexta-feira, entre 10h e 19h, Sábado, entre 9h e 18h; Shopping centers: Segunda-feira a sábado, entre 12h e 21h";;
475989900;Comércio varejista de outros artigos de uso pessoal e doméstico não especificados anteriormente;Utensílios, móveis e equipamentos domésticos (exceto eletrodomésticos e equipamentos de áudio e vídeo);Atividades Autorizadas;"Comércio de rua, galerias de lojas e centros comerciais: Segunda a sexta-feira, entre 10h e 19h, Sábado, entre 9h e 18h; Shopping centers: Segunda-feira a sábado, entre 12h e 21h";;
476100100;Comércio varejista de livros;Artigos de papelaria, livraria e fotográficos;Atividades Autorizadas;"Comércio de rua, galerias de lojas e centros comerciais: Segunda a sexta-feira, entre 10h e 19h, Sábado, entre 9h e 18h; Shopping centers: Segunda-feira a sábado, entre 12h e 21h";;
476100200;Comércio varejista de jornais e revistas;Artigos de papelaria, livraria e fotográficos;Atividades Autorizadas;"Comércio de rua, galerias de lojas e centros comerciais: Segunda a sexta-feira, entre 10h e 19h, Sábado, entre 9h e 18h; Shopping centers: Segunda-feira a sábado, entre 12h e 21h";;
476100300;Comércio varejista de artigos de papelaria;Artigos de papelaria, livraria e fotográficos;Atividades Autorizadas;"Comércio de rua, galerias de lojas e centros comerciais: Segunda a sexta-feira, entre 10h e 19h, Sábado, entre 9h e 18h; Shopping centers: Segunda-feira a sábado, entre 12h e 21h";;
476280000;Comércio varejista de discos, CDs, DVDs e fitas;Artigos de papelaria, livraria e fotográficos;Atividades Autorizadas;"Comércio de rua, galerias de lojas e centros comerciais: Segunda a sexta-feira, entre 10h e 19h, Sábado, entre 9h e 18h; Shopping centers: Segunda-feira a sábado, entre 12h e 21h";;
476360100;Comércio varejista de brinquedos e artigos recreativos;Brinquedos e artigos recreativos;Atividades Autorizadas;"Comércio de rua, galerias de lojas e centros comerciais: Segunda a sexta-feira, entre 10h e 19h, Sábado, entre 9h e 18h; Shopping centers: Segunda-feira a sábado, entre 12h e 21h";;
476360200;Comércio varejista de artigos esportivos;Artigos e equipamentos esportivos;Atividades Autorizadas;"Comércio de rua, galerias de lojas e centros comerciais: Segunda a sexta-feira, entre 10h e 19h, Sábado, entre 9h e 18h; Shopping centers: Segunda-feira a sábado, entre 12h e 21h";;
476360300;"Comércio varejista de bicicletas e triciclos; peças e acessórios";"Bicicletas e triciclos; peças e acessórios";Atividades Autorizadas;"Comércio de rua, galerias de lojas e centros comerciais: Segunda a sexta-feira, entre 10h e 19h, Sábado, entre 9h e 18h; Shopping centers: Segunda-feira a sábado, entre 12h e 21h";;
476360400;Comércio varejista de artigos de caça, pesca e camping;Artigos e equipamentos esportivos;Atividades Autorizadas;"Comércio de rua, galerias de lojas e centros comerciais: Segunda a sexta-feira, entre 10h e 19h, Sábado, entre 9h e 18h; Shopping centers: Segunda-feira a sábado, entre 12h e 21h";;
476360500;Comércio varejista de embarcações e outros veículos recreativos: peças e acessórios;Artigos e equipamentos esportivos;Atividades Autorizadas;"Comércio de rua, galerias de lojas e centros comerciais: Segunda a sexta-feira, entre 10h e 19h, Sábado, entre 9h e 18h; Shopping centers: Segunda-feira a sábado, entre 12h e 21h";;
477250000;Comércio varejista de cosméticos, produtos de perfumaria e de higiene pessoal;Cosméticos, produtos de perfumaria e de higiene pessoal;Atividades Autorizadas;"Comércio de rua, galerias de lojas e centros comerciais: Segunda a sexta-feira, entre 10h e 19h, Sábado, entre 9h e 18h; Shopping centers: Segunda-feira a sábado, entre 12h e 21h";;
478140000;Comércio varejista de artigos do vestuário e acessórios;Artigos de uso pessoal;Atividades Autorizadas;"Comércio de rua, galerias de lojas e centros comerciais: Segunda a sexta-feira, entre 10h e 19h, Sábado, entre 9h e 18h; Shopping centers: Segunda-feira a sábado, entre 12h e 21h";;
478220100;Comercio varejista de calçados;Artigos de uso pessoal;Atividades Autorizadas;"Comércio de rua, galerias de lojas e centros comerciais: Segunda a sexta-feira, entre 10h e 19h, Sábado, entre 9h e 18h; Shopping centers: Segunda-feira a sábado, entre 12h e 21h";;
478220200;Comércio varejista de artigos de viagem;Artigos de uso pessoal;Atividades Autorizadas;"Comércio de rua, galerias de lojas e centros comerciais: Segunda a sexta-feira, entre 10h e 19h, Sábado, entre 9h e 18h; Shopping centers: Segunda-feira a sábado, entre 12h e 21h";;
478310100;Comércio varejista de artigos de joalheria;Artigos de uso pessoal;Atividades Autorizadas;"Comércio de rua, galerias de lojas e centros comerciais: Segunda a sexta-feira, entre 10h e 19h, Sábado, entre 9h e 18h; Shopping centers: Segunda-feira a sábado, entre 12h e 21h";;
478310200;Comércio varejista de artigos de relojoaria;Artigos de uso pessoal;Atividades Autorizadas;"Comércio de rua, galerias de lojas e centros comerciais: Segunda a sexta-feira, entre 10h e 19h, Sábado, entre 9h e 18h; Shopping centers: Segunda-feira a sábado, entre 12h e 21h";;
478570100;Comércio varejista de antiguidades;Objetos de arte e decoração;Atividades Autorizadas;"Comércio de rua, galerias de lojas e centros comerciais: Segunda a sexta-feira, entre 10h e 19h, Sábado, entre 9h e 18h; Shopping centers: Segunda-feira a sábado, entre 12h e 21h";;
478579900;Comércio varejista de outros artigos usados;Artigos usados de atividades autorizadas a funcionar;Atividades Autorizadas;"Comércio de rua, galerias de lojas e centros comerciais: Segunda a sexta-feira, entre 10h e 19h, Sábado, entre 9h e 18h; Shopping centers: Segunda-feira a sábado, entre 12h e 21h";;
478900100;Comércio varejista de suvenires, bijuterias e artesanatos;Artigos de uso pessoal;Atividades Autorizadas;"Comércio de rua, galerias de lojas e centros comerciais: Segunda a sexta-feira, entre 10h e 19h, Sábado, entre 9h e 18h; Shopping centers: Segunda-feira a sábado, entre 12h e 21h";;
478900200;Comércio varejista de plantas e flores naturais;Plantas e flores naturais;Atividades Autorizadas;"Comércio de rua, galerias de lojas e centros comerciais: Segunda a sexta-feira, entre 10h e 19h, Sábado, entre 9h e 18h; Shopping centers: Segunda-feira a sábado, entre 12h e 21h";;
478900300;Comércio varejista de objetos de arte;Objetos de arte e decoração;Atividades Autorizadas;"Comércio de rua, galerias de lojas e centros comerciais: Segunda a sexta-feira, entre 10h e 19h, Sábado, entre 9h e 18h; Shopping centers: Segunda-feira a sábado, entre 12h e 21h";;
478900400;Comércio varejista de animais vivos e de artigos e alimentos para animais de estimação;Artigos e alimentos para animais, exceto comércio varejista de animais vivos;Atividades Autorizadas;"Comércio de rua, galerias de lojas e centros comerciais: Segunda a sexta-feira, entre 10h e 19h, Sábado, entre 9h e 18h; Shopping centers: Segunda-feira a sábado, entre 12h e 21h";;Não é permitido o comércio de animais vivos.
478900500;Comércio varejista de produtos saneantes domissanitários;Produtos de limpeza e conservação;Atividades Autorizadas;"Comércio de rua, galerias de lojas e centros comerciais: Segunda a sexta-feira, entre 10h e 19h, Sábado, entre 9h e 18h; Shopping centers: Segunda-feira a sábado, entre 12h e 21h";;
478900600;Comércio varejista de fogos de artifício e artigos pirotécnicos;Fogos de artifício e artigos pirotécnicos;Atividades Autorizadas;"Comércio de rua, galerias de lojas e centros comerciais: Segunda a sexta-feira, entre 10h e 19h, Sábado, entre 9h e 18h; Shopping centers: Segunda-feira a sábado, entre 12h e 21h";;
478900700;Comércio varejista de equipamentos para escritório;Equipamentos para escritório e suprimento para informática e comunicação;Atividades Autorizadas;"Comércio de rua, galerias de lojas e centros comerciais: Segunda a sexta-feira, entre 10h e 19h, Sábado, entre 9h e 18h; Shopping centers: Segunda-feira a sábado, entre 12h e 21h";;
478900800;Comércio varejista de artigos fotográficos e para filmagem;Artigos de papelaria, livraria e fotográficos;Atividades Autorizadas;"Comércio de rua, galerias de lojas e centros comerciais: Segunda a sexta-feira, entre 10h e 19h, Sábado, entre 9h e 18h; Shopping centers: Segunda-feira a sábado, entre 12h e 21h";;
478900900;Comércio varejista de armas e munições;Armamentos;Atividades Autorizadas;"Comércio de rua, galerias de lojas e centros comerciais: Segunda a sexta-feira, entre 10h e 19h, Sábado, entre 9h e 18h; Shopping centers: Segunda-feira a sábado, entre 12h e 21h";;
478909901;Comércio varejista de artigos para decoração;Objetos de arte e decoração;Atividades Autorizadas;"Comércio de rua, galerias de lojas e centros comerciais: Segunda a sexta-feira, entre 10h e 19h, Sábado, entre 9h e 18h; Shopping centers: Segunda-feira a sábado, entre 12h e 21h";;
478909902;Comércio varejista de artigos para festa;Objetos de arte e decoração;Atividades Autorizadas;"Comércio de rua, galerias de lojas e centros comerciais: Segunda a sexta-feira, entre 10h e 19h, Sábado, entre 9h e 18h; Shopping centers: Segunda-feira a sábado, entre 12h e 21h";;
478909903;Comércio varejista de artigos religiosos e esotéricos;Objetos de arte e decoração;Atividades Autorizadas;"Comércio de rua, galerias de lojas e centros comerciais: Segunda a sexta-feira, entre 10h e 19h, Sábado, entre 9h e 18h; Shopping centers: Segunda-feira a sábado, entre 12h e 21h";;
478909904;Comércio varejista de embalagens em geral, exceto papel e papelão;Embalagens em geral;Atividades Autorizadas;"Comércio de rua, galerias de lojas e centros comerciais: Segunda a sexta-feira, entre 10h e 19h, Sábado, entre 9h e 18h; Shopping centers: Segunda-feira a sábado, entre 12h e 21h";;
478909905;Comércio varejista de artigos de gesso;Objetos de arte e decoração;Atividades Autorizadas;"Comércio de rua, galerias de lojas e centros comerciais: Segunda a sexta-feira, entre 10h e 19h, Sábado, entre 9h e 18h; Shopping centers: Segunda-feira a sábado, entre 12h e 21h";;
478909907;Montagem de molduras e quadros;Objetos de arte e decoração;Atividades Autorizadas;"Comércio de rua, galerias de lojas e centros comerciais: Segunda a sexta-feira, entre 10h e 19h, Sábado, entre 9h e 18h; Shopping centers: Segunda-feira a sábado, entre 12h e 21h";;
478909999;Comércio varejista de outros produtos não especificados anteriormente;Artigos de uso pessoal;Atividades Autorizadas;"Comércio de rua, galerias de lojas e centros comerciais: Segunda a sexta-feira, entre 10h e 19h, Sábado, entre 9h e 18h; Shopping centers: Segunda-feira a sábado, entre 12h e 21h";;
561120100;Restaurantes e similares;Bares, lanchonetes, restaurantes, sorveterias e similares;Atividades Autorizadas;"Segunda a domingo e feriados, entre 11h e 22h (inclusive aqueles no interior de clubes de serviço, de lazer, sociais, esportivos e similares e com acesso direto de pedestres ao logradouro, se localizados em galerias de lojas, centros de comércio e shopping centers); interior de galerias de lojas, centros de comércio e shopping centers: segunda a sábado, entre 11h e 22h";;"Comercialização de bebidas alcoólicas: somente entre 17h e 22h, de segunda a sexta-feira, e entre 11h e 22h aos sábados, domingos e feriados; no interior de galerias de lojas, centros de comércio e shopping centers: somente entre 17h e 22h, de segunda a sexta-feira, e entre 11h e 22h aos sábados."
561120301;Lanchonetes, casas de chá, de sucos e similares, exceto sorveteria;Bares, lanchonetes, restaurantes, sorveterias e similares;Atividades Autorizadas;"5h às 22h; no interior de galerias de lojas, centros de comércio e shopping centers: segunda a sábado, entre 11h e 22h";;"Comercialização de bebidas alcoólicas: somente entre 17h e 22h, de segunda a sexta-feira, e entre 11h e 22h aos sábados, domingos e feriados; no interior de galerias de lojas, centros de comércio e shopping centers: somente entre 17h e 22h, de segunda a sexta-feira, e entre 11h e 22h aos sábados"
561120302;Sorveteria;Bares, lanchonetes, restaurantes, sorveterias e similares;Atividades Autorizadas;"Segunda a domingo e feriados, entre 11h e 22h (inclusive aqueles no interior de clubes de serviço, de lazer, sociais, esportivos e similares e com acesso direto de pedestres ao logradouro, se localizados em galerias de lojas, centros de comércio e shopping centers); interior de galerias de lojas, centros de comércio e shopping centers: segunda a sábado, entre 11h e 22h";;"Comercialização de bebidas alcoólicas: somente entre 17h e 22h, de segunda a sexta-feira, e entre 11h e 22h aos sábados, domingos e feriados; no interior de galerias de lojas, centros de comércio e shopping centers: somente entre 17h e 22h, de segunda a sexta-feira, e entre 11h e 22h aos sábados"
561120400;Bares e outros estabelecimentos especializados em servir bebidas, sem entretenimento;Bares, lanchonetes, restaurantes, sorveterias e similares;Atividades Autorizadas;"Segunda a domingo e feriados, entre 11h e 22h (inclusive aqueles no interior de clubes de serviço, de lazer, sociais, esportivos e similares e com acesso direto de pedestres ao logradouro, se localizados em galerias de lojas, centros de comércio e shopping centers); interior de galerias de lojas, centros de comércio e shopping centers: segunda a sábado, entre 11h e 22h";;"Comercialização de bebidas alcoólicas: somente entre 17h e 22h, de segunda a sexta-feira, e entre 11h e 22h aos sábados, domingos e feriados; no interior de galerias de lojas, centros de comércio e shopping centers: somente entre 17h e 22h, de segunda a sexta-feira, e entre 11h e 22h aos sábados"
561120500;Bares e outros estabelecimentos especializados em servir bebidas, com entretenimento;Bares, lanchonetes, restaurantes, sorveterias e similares;Atividades Autorizadas;"Segunda a domingo e feriados, entre 11h e 22h (inclusive aqueles no interior de clubes de serviço, de lazer, sociais, esportivos e similares e com acesso direto de pedestres ao logradouro, se localizados em galerias de lojas, centros de comércio e shopping centers); interior de galerias de lojas, centros de comércio e shopping centers: segunda a sábado, entre 11h e 22h";;"Comercialização de bebidas alcoólicas: somente entre 17h e 22h, de segunda a sexta-feira, e entre 11h e 22h aos sábados, domingos e feriados; no interior de galerias de lojas, centros de comércio e shopping centers: somente entre 17h e 22h, de segunda a sexta-feira, e entre 11h e 22h aos sábados"
591460000;Atividades de exibição cinematográfica;Cinemas;Atividades Autorizadas;Sem restrição de horário;;Autorizadas a partir de 31 de outubro de 2020 (Inciso I do Art. 3º do DECRETO Nº 17.454, DE 15 DE OUTUBRO DE 2020)
682260002;Gestão de centros de comércio popular;Centros de comércio popular;Atividades Autorizadas;Segunda a sexta-feira, entre 11h e 19h, Sábado, entre 9h e 17h;;
823000104;Gestão de espaços para exposição e feiras;Feiras de negócios, exposições, congressos e seminários;Atividades Autorizadas;Horário licenciado;;"Com público sentado em locais privados licenciados ou mediante licenciamento específico. Autorizadas a partir de 31 de outubro de 2020, limitado ao público de seiscentas pessoas; a partir de 30 de novembro de 2020 nos casos em que houver público superior a seiscentas pessoas, mediante licenciamento específico (Art. 3º do DECRETO Nº 17.458, DE 27 DE OUTUBRO DE 2020)"
823000202;Centros de convenções;Feiras de negócios, exposições, congressos e seminários;Atividades Autorizadas;Horário licenciado;;"Com público sentado em locais privados licenciados ou mediante licenciamento específico. Autorizadas a partir de 31 de outubro de 2020, limitado ao público de seiscentas pessoas; a partir de 30 de novembro de 2020 nos casos em que houver público superior a seiscentas pessoas, mediante licenciamento específico (Art. 3º do DECRETO Nº 17.458, DE 27 DE OUTUBRO DE 2020)"
859110001;Ensino de esportes, exceto mergulho e tênis;Atividades de condicionamento físico;Atividades Autorizadas;Sem restrição de horário;;Inclusive no interior de galerias de lojas, centros de comércio e shopping centers
859110002;Ensino de mergulho;Atividades de condicionamento físico;Atividades Autorizadas;Sem restrição de horário;;Inclusive no interior de galerias de lojas, centros de comércio e shopping centers
859110003;Ensino de tênis;Atividades de condicionamento físico;Atividades Autorizadas;Sem restrição de horário;;Inclusive no interior de galerias de lojas, centros de comércio e shopping centers
859290100;Ensino de dança;Atividades de condicionamento físico;Atividades Autorizadas;Sem restrição de horário;;Inclusive no interior de galerias de lojas, centros de comércio e shopping centers
900350001;Gestão de espaços para artes cênicas, espetáculos e outras atividades artísticas;Teatros e casas de show e de espetáculo;Atividades Autorizadas;Horário licenciado;;Com público sentado em locais privados licenciados ou mediante licenciamento específico. Autorizadas a partir de 31 de outubro de 2020 (Art. 3º do DECRETO Nº 17.458, DE 27 DE OUTUBRO DE 2020)
900350002;Casa de shows e espetáculos;Teatros e casas de show e de espetáculo;Atividades Autorizadas;Horário licenciado;;Com público sentado em locais privados licenciados ou mediante licenciamento específico. Autorizadas a partir de 31 de outubro de 2020 (Art. 3º do DECRETO Nº 17.458, DE 27 DE OUTUBRO DE 2020)
910230100;Atividades de museus e de exploração de lugares e prédios históricos e atrações similares;Museus, galerias de arte e exposições;Atividades Autorizadas;Sem restrição de horário;;
910310002;Atividades de parques públicos, nacionais, reservas ecológicas, áreas de proteção ambiental e jardim botânico;Parques Públicos;Atividades Autorizadas;Conforme divulgação no Portal;;Mais informações acesse: https://prefeitura.pbh.gov.br/fundacao-de-parques-e-zoobotanica/parques
931150001;Gestão de estádio esportivo;Clubes de serviço, de lazer, sociais, esportivos e similares;Atividades Autorizadas;Sem restrição de horário;;
931150002;Gestão de autódromo, hipódromo e similares;Clubes de serviço, de lazer, sociais, esportivos e similares;Atividades Autorizadas;Sem restrição de horário;;
931150003;Gestão de quadras, piscinas e praças de esportes;Clubes de serviço, de lazer, sociais, esportivos e similares;Atividades Autorizadas;Sem restrição de horário;;
931150006;Gestão de ginásio esportivo;Clubes de serviço, de lazer, sociais, esportivos e similares;Atividades Autorizadas;Sem restrição de horário;;
931150007;Gestão de centro de equitação;Clubes de serviço, de lazer, sociais, esportivos e similares;Atividades Autorizadas;Sem restrição de horário;;
931150099;Gestão de instalações de esporte não especificadas anteriormente;Clubes de serviço, de lazer, sociais, esportivos e similares;Atividades Autorizadas;Sem restrição de horário;;
931230001;Clubes sociais, esportivos e similares, exceto clubes amadores;Clubes de serviço, de lazer, sociais, esportivos e similares;Atividades Autorizadas;Sem restrição de horário;;
931230002;Clubes amadores;Clubes de serviço, de lazer, sociais, esportivos e similares;Atividades Autorizadas;Sem restrição de horário;;
931310000;Atividades de condicionamento físico;Atividades de condicionamento físico;Atividades Autorizadas;Sem restrição de horário;;Inclusive no interior de galerias de lojas, centros de comércio e shopping centers
931919901;Atividades de profissionais que atuam por conta própria em atividades esportivas;Atividades de condicionamento físico;Atividades Autorizadas;Sem restrição de horário;;Inclusive no interior de galerias de lojas, centros de comércio e shopping centers
931919902;Atividade de pesca esportiva e de lazer e operação de estábulos de hipódromos;Clubes de serviço, de lazer, sociais, esportivos e similares;Atividades Autorizadas;Sem restrição de horário;;
932980300;Exploração de jogos de sinuca, bilhar e similares;Clubes de serviço, de lazer, sociais, esportivos e similares;Atividades Autorizadas;Sem restrição de horário;;
932980400;Exploração de jogos eletrônicos recreativos;Clubes de serviço, de lazer, sociais, esportivos e similares;Atividades Autorizadas;Sem restrição de horário;;
932989901;Espetáculos de som e luz;Teatros e casas de show e de espetáculo;Atividades Autorizadas;Horário licenciado;;Com público sentado em locais privados licenciados ou mediante licenciamento específico. Autorizadas a partir de 31 de outubro de 2020 (Art. 3º do DECRETO Nº 17.458, DE 27 DE OUTUBRO DE 2020)
932989902;Exposições com cobrança de ingressos;Feiras de negócios, exposições, congressos e seminários;Atividades Autorizadas;Horário licenciado;;"Com público sentado em locais privados licenciados ou mediante licenciamento específico. Autorizadas a partir de 31 de outubro de 2020, limitado ao público de seiscentas pessoas; a partir de 30 de novembro de 2020 nos casos em que houver público superior a seiscentas pessoas, mediante licenciamento específico (Art. 3º do DECRETO Nº 17.458, DE 27 DE OUTUBRO DE 2020)"
932989904;Locação e arrendamento de bicicletas;Clubes de serviço, de lazer, sociais, esportivos e similares;Atividades Autorizadas;Sem restrição de horário;;
932989905;Exploração de karts;Clubes de serviço, de lazer, sociais, esportivos e similares;Atividades Autorizadas;Sem restrição de horário;;
932989906;Atividade de recreação com paint ball;Clubes de serviço, de lazer, sociais, esportivos e similares;Atividades Autorizadas;Sem restrição de horário;;
932989909;Aquários para visitação;Clubes de serviço, de lazer, sociais, esportivos e similares;Atividades Autorizadas;Sem restrição de horário;;
932989999;Outras atividades de recreação e lazer não especificadas anteriormente;Clubes de serviço, de lazer, sociais, esportivos e similares;Atividades Autorizadas;Sem restrição de horário;;
960250100;Cabeleireiros, manicure e pedicure;Cabeleireiros, manicure e pedicure;Atividades Autorizadas;"Terça a sexta-feira, entre 11h e 20h, Sábado, entre 9h e 18h; Shopping centers: Segunda-feira a sábado, entre 12h e 21h";;
960250200;Atividades de estética e outros serviços de cuidados com a beleza;Clínicas de estética;Atividades Autorizadas;"Terça a sexta-feira, entre 11h e 20h, Sábado, entre 9h e 18h; Shopping centers: Segunda-feira a sábado, entre 12h e 21h";;
outros;. ;.;Fase de controle;Sem restrição de horário;;
